-- 10명 유저
INSERT INTO users (id, password, name, nickname, email, age, fitness_level, post_code, address, liked_videos, saved_routine, liked_community, img) VALUES
('user1', 'A6xnQhbz4Vx2HuGl4lXwZ5U2I8iziLRFnhP5eNfIRvQ=', 'name1', 'nick1', 'ssafy1@ssafy.com', 20, '상', '12345', 'address1', '[1, 3, 4, 6, 7, 11, 35, 2, 5, 8, 9, 12, 13, 14, 15, 16, 17, 18, 19, 20, 21, 22, 23]', '[1, 2, 3]', '[1, 3, 5, 7, 9, 11, 13, 15, 17, 19, 21, 23, 25, 27, 29, 31, 33, 35, 37, 39, 41, 43, 45]', '/users/user1.png'),
('user2', 'A6xnQhbz4Vx2HuGl4lXwZ5U2I8iziLRFnhP5eNfIRvQ=', 'name2', 'nick2', 'ssafy2@ssafy.com', 21, '중', '67890', 'address2', '[2, 4, 5, 6, 9, 10, 20, 21, 22, 23, 24, 25, 26, 27, 28, 29, 30, 31, 32, 33, 34, 35, 36]', '[4, 5, 6]', '[2, 4, 6, 8, 10, 12, 14, 16, 18, 20, 22, 24, 26, 28, 30, 32, 34, 36, 38, 40, 42, 44, 46]', '/users/user2.png'),
('user3', 'A6xnQhbz4Vx2HuGl4lXwZ5U2I8iziLRFnhP5eNfIRvQ=', 'name3', 'nick3', 'ssafy3@ssafy.com', 22, '하', '13579', 'address3', '[3, 5, 7, 9, 11, 13, 15, 17, 19, 21, 23, 25, 27, 29, 31, 33, 35, 37, 39, 41]', '[7, 8, 9]', '[3, 5, 7, 9, 11, 13, 15, 17, 19, 21, 23, 25, 27, 29, 31, 33, 35, 37, 39, 41, 43, 45]', '/users/user3.jpg'),
('user4', 'A6xnQhbz4Vx2HuGl4lXwZ5U2I8iziLRFnhP5eNfIRvQ=', 'name4', 'nick4', 'ssafy4@ssafy.com', 23, '상', '24680', 'address4', '[1, 2, 3, 4, 5, 6, 7, 8, 9, 10, 11, 12, 13, 14, 15, 16, 17, 18, 19, 20, 21, 22, 23, 24, 25]', '[1, 2, 3]', '[4, 5, 6, 7, 8, 9, 10, 11, 12, 13, 14, 15, 16, 17, 18, 19, 20, 21, 22, 23, 24, 25, 26, 27]', '/users/user4.jpg'),
('user5', 'A6xnQhbz4Vx2HuGl4lXwZ5U2I8iziLRFnhP5eNfIRvQ=', 'name5', 'nick5', 'ssafy5@ssafy.com', 24, '중', '98765', 'address5', '[10, 12, 14, 16, 18, 20, 22, 24, 26, 28, 30, 32, 34, 36, 38, 40, 42]', '[3, 5, 7]', '[5, 6, 7, 8, 9, 10, 11, 12, 13, 14, 15, 16, 17, 18, 19, 20, 21, 22, 23, 24, 25, 26, 27]', '/users/user5.png'),
('lkh0131', 'A6xnQhbz4Vx2HuGl4lXwZ5U2I8iziLRFnhP5eNfIRvQ=', '이강현', '깡현이', 'lkh000131@naver.com', 26, '중', '08760', '서울특별시 관악구 관천로10길 34 스위트빌 502호', '[1, 3, 5, 7, 9, 11, 13, 15, 17, 19, 21, 23, 25, 27, 29, 31, 33, 35, 37, 39, 41]', '[6, 8, 9]', '[6, 7, 8, 9, 10, 11, 12, 13, 14, 15, 16, 17, 18, 19, 20, 21, 22, 23, 24, 25, 26, 27]', '/users/lkh0131.jpg'),
('psyok7', 'A6xnQhbz4Vx2HuGl4lXwZ5U2I8iziLRFnhP5eNfIRvQ=', '박상용', '정해인', 'psyok7@ssafy.com', 27, '하', '56789', 'address7', '[2, 4, 6, 8, 10, 12, 14, 16, 18, 20, 22, 24, 26, 28, 30, 32, 34, 36, 38, 40, 42]', '[1, 3, 5]', '[7, 8, 9, 10, 11, 12, 13, 14, 15, 16, 17, 18, 19, 20, 21, 22, 23, 24, 25, 26, 27]', '/users/psyok7.png'),
('user8', 'A6xnQhbz4Vx2HuGl4lXwZ5U2I8iziLRFnhP5eNfIRvQ=', 'name8', 'nick8', 'ssafy8@ssafy.com', 27, '중', '65432', 'address8', '[3, 6, 9, 12, 15, 18, 21, 24, 27, 30, 33, 36, 39, 42, 45, 48, 51, 53, 2, 4, 5, 7]', '[2, 4, 6]', '[8, 9, 10, 11, 12, 13, 14, 15, 16, 17, 18, 19, 20, 21, 22, 23, 24, 25, 26, 27]', '/users/user8.png'),
('chtoqur', 'A6xnQhbz4Vx2HuGl4lXwZ5U2I8iziLRFnhP5eNfIRvQ=', '최이서', 'chtoqur', 'chxiseo@naver.com', 28, '하', '32145', 'address9', '[4, 8, 12, 16, 20, 24, 28, 32, 36, 40, 44, 48, 52, 1, 3, 5, 7, 9, 11, 13]', '[3, 6, 9]', '[9, 10, 11, 12, 13, 14, 15, 16, 17, 18, 19, 20, 21, 22, 23, 24, 25, 26, 27]', '/users/chtoqur.png'),
('user10', 'A6xnQhbz4Vx2HuGl4lXwZ5U2I8iziLRFnhP5eNfIRvQ=', 'name10', 'nick10', 'ssafy10@ssafy.com', 29, '상', '21435', 'address10', '[5, 10, 15, 20, 25, 30, 35, 40, 45, 50, 1, 2, 3, 4, 6, 7, 8, 9, 11, 12, 13, 14]', '[1, 2, 3]', '[10, 11, 12, 13, 14, 15, 16, 17, 18, 19, 20, 21, 22, 23, 24, 25, 26, 27, 28]', '/users/img10');

-- 42개
INSERT INTO video (title, part, description, thumbnail, channel_name, view_cnt, youtube_videoId) VALUES 
('벤치프레스 완벽 가이드 - 강경원 방식', '가슴', '벤치프레스', 'https://i.ytimg.com/vi/A2kHURY746E/hq720.jpg?sqp=-oaymwEcCNAFEJQDSFXyq4qpAw4IARUAAIhCGAFwAcABBg==&rs=AOn4CLCHhYg2tmYkGD4lhILd4Mo5xCqBIQ', '강경원', FLOOR(RAND() * 100) + 1, 'A2kHURY746E'),
('[혁PT부산편] 초보자를 위한 벤치프레스 완벽 가이드', '가슴', '벤치프레스', 'https://i.ytimg.com/vi/ppuLaT5JdSo/hq720.jpg?sqp=-oaymwEcCNAFEJQDSFXyq4qpAw4IARUAAIhCGAFwAcABBg==&rs=AOn4CLDEWviNrwFd7t56Rml7OXDiqB79_w', '권혁TV', FLOOR(RAND() * 100) + 1, 'ppuLaT5JdSo'),
('완벽한 벤치프레스 강의 [운동의 정석]', '가슴', '벤치프레스', 'https://i.ytimg.com/vi/0DsXTSHo3lU/hq720.jpg?sqp=-oaymwEcCNAFEJQDSFXyq4qpAw4IARUAAIhCGAFwAcABBg==&rs=AOn4CLCQGlsrlwZ7wjkOkq26baWPk2OquQ', '피지컬갤러리', FLOOR(RAND() * 100) + 1, '0DsXTSHo3lU'),
('여성을 위한 가슴운동! 인클라인 벤치프레스 가이드! 여자를 위한 헬스', '가슴', '인클라인 벤치프레스', 'https://i.ytimg.com/vi/Lp2hUiUCX0s/hq720.jpg?sqp=-oaymwEcCNAFEJQDSFXyq4qpAw4IARUAAIhCGAFwAcABBg==&rs=AOn4CLASAFSCHhH595cXSinlO-tCxHMJEw', '말왕TV', FLOOR(RAND() * 100) + 1, 'Lp2hUiUCX0s'),
('어렵지 않아요. 인클라인 벤치프레스 제대로 하기!', '가슴', '인클라인 벤치프레스', 'https://i.ytimg.com/vi/Wd5VUD40EWI/hq720.jpg?sqp=-oaymwEcCNAFEJQDSFXyq4qpAw4IARUAAIhCGAFwAcABBg==&rs=AOn4CLC4cD4F2uL7VEu7BTjAvN8h1cVB5A', '강경원', FLOOR(RAND() * 100) + 1, 'Wd5VUD40EWI'),
('생각보다 어려운 레그 프레스, 어떻게 해야 효과적일까?', '하체', '레그프레스', 'https://i.ytimg.com/vi/EV0F_3S7Sks/hq720.jpg?sqp=-oaymwEcCNAFEJQDSFXyq4qpAw4IARUAAIhCGAFwAcABBg==&rs=AOn4CLA0bLI-Nz93M9PDzx3hDlnTt_kAzQ', '강경원',  FLOOR(RAND() * 100) + 1, 'EV0F_3S7Sks'),
('과학적으로 알아본 덤벨 프레스 완벽한 자세. 가슴운동 이거 한 가지면 됩니다~! (근육활성도로 살펴본 덤벨 프레스의 자세)', '가슴', '덤벨프레스', 'https://i.ytimg.com/vi/DNNcr4_IskA/hq720.jpg?sqp=-oaymwEcCNAFEJQDSFXyq4qpAw4IARUAAIhCGAFwAcABBg==&rs=AOn4CLASkmgQyU71UH40cpAxwh4V1WLVjw', '5분 헬스 정보', FLOOR(RAND() * 100) + 1, 'DNNcr4_IskA'),
('도대체 랫풀다운은 어떻게 하는 건가요? || 랫풀다운 제대로 하기', '등', '랫풀다운', 'https://i.ytimg.com/vi/2K2WCGstHOY/hq720.jpg?sqp=-oaymwEcCNAFEJQDSFXyq4qpAw4IARUAAIhCGAFwAcABBg==&rs=AOn4CLBHa4csamGFcN0T1r8UNs65cjuVMA', '강경원', FLOOR(RAND() * 100) + 1, '2K2WCGstHOY'),
('’랫풀다운’ 2가지 방법만 제대로 익히세요! 등근육 운동 자극이 다릅니다 [등 운동]', '등', '랫풀다운', 'https://i.ytimg.com/vi/MpVD4WMoewM/hq720.jpg?sqp=-oaymwEcCNAFEJQDSFXyq4qpAw4IARUAAIhCGAFwAcABBg==&rs=AOn4CLAO40JPdPmIoarMGEZjwwPyQe6nlg', '핏블리 FITVELY', FLOOR(RAND() * 100) + 1, 'MpVD4WMoewM'),
('절대 안 커지는 어깨, 이 운동이면 커집니다! [덤벨숄더프레스]', '어깨', '덤벨숄더프레스', 'https://i.ytimg.com/vi/66gDfjrm-gk/hq720.jpg?sqp=-oaymwEcCNAFEJQDSFXyq4qpAw4IARUAAIhCGAFwAcABBg==&rs=AOn4CLBEiL-oBru1rrLxQfEIHeA9Da04zg', '핏블리 FITVELY', FLOOR(RAND() * 100) + 1, '66gDfjrm-gk'),
('[덤벨숄더프레스] 완전 기초 자세', '어깨', '덤벨숄더프레스', 'https://i.ytimg.com/vi/OMCJoZfKhxM/hq720.jpg?sqp=-oaymwEcCNAFEJQDSFXyq4qpAw4IARUAAIhCGAFwAcABBg==&rs=AOn4CLAiIMnmJsNQ924d6H7jF7k0_gpKhQ', '정교관', FLOOR(RAND() * 100) + 1, 'OMCJoZfKhxM'),
('스쿼트 보다 먼저 마스터하세요 l 레그 컬', '하체', '레그컬', 'https://i.ytimg.com/vi/9w8d_EL-7e4/hq720.jpg?sqp=-oaymwEcCNAFEJQDSFXyq4qpAw4IARUAAIhCGAFwAcABBg==&rs=AOn4CLBHqS65bpDNF-5w4a5TIqfVeMXWEw', '강경원', FLOOR(RAND() * 100) + 1, '9w8d_EL-7e4'),
('햄스트링 발달을 위한 레그컬 개꿀팁', '하체', '레그컬', 'https://i.ytimg.com/vi/_QVBWUjmdKI/hq720.jpg?sqp=-oaymwEcCNAFEJQDSFXyq4qpAw4IARUAAIhCGAFwAcABBg==&rs=AOn4CLBWOjCMW3AXwzRXSCEb3CUrCdXEGw', '세계적으로 유명한 운동 정보', FLOOR(RAND() * 100) + 1, '_QVBWUjmdKI'),
('헬스장 기구 레그컬 머신 이렇게 하세요! (햄스트링강화, 하체운동)', '하체', '레그컬', 'https://i.ytimg.com/vi/6I0NiRc6yww/hq720.jpg?sqp=-oaymwEcCNAFEJQDSFXyq4qpAw4IARUAAIhCGAFwAcABBg==&rs=AOn4CLBZkeVZoqUkunrMEcBiwrNdOZiFcg', '힙으뜸', FLOOR(RAND() * 100) + 1, '6I0NiRc6yww'),
('ENG)하루10분 스쿼트로 기초 체력 기르기!', '하체', '스쿼트', 'https://i.ytimg.com/vi/q6hBSSfokzY/hq720.jpg?sqp=-oaymwEcCNAFEJQDSFXyq4qpAw4IARUAAIhCGAFwAcABBg==&rs=AOn4CLDtNonUYvT2CBBv9VmYteUP2OLfTw', '힙으뜸', FLOOR(RAND() * 100) + 1, 'q6hBSSfokzY'),
('도대체 스쿼트는 어떻게 하는 건가요? || 스쿼트 제대로 하기', '하체', '스쿼트', 'https://i.ytimg.com/vi/QyAH8O5X6g0/hq720.jpg?sqp=-oaymwEcCNAFEJQDSFXyq4qpAw4IARUAAIhCGAFwAcABBg==&rs=AOn4CLDLUM3uB9-NdB7L6J7CeWa5q7Ifxg', '강경원', FLOOR(RAND() * 100) + 1, 'QyAH8O5X6g0'),
('스쿼트 자세 교정운동 4가지 / 허리좀 그만펴세요!', '하체', '스쿼트', 'https://i.ytimg.com/vi/a4mcRL99pU0/hq720.jpg?sqp=-oaymwEcCNAFEJQDSFXyq4qpAw4IARUAAIhCGAFwAcABBg==&rs=AOn4CLDTojbeeBHlKiiA1Q7zPl4Dt2uTig', '피카토 Phycato', FLOOR(RAND() * 100) + 1, 'a4mcRL99pU0'),
('참 말 많은 바벨로우 도대체 뭐가 맞는 걸까?', '등', '바벨로우', 'https://i.ytimg.com/vi/tN7QirI_Vlg/hq720.jpg?sqp=-oaymwEcCNAFEJQDSFXyq4qpAw4IARUAAIhCGAFwAcABBg==&rs=AOn4CLCZN1C1CHPD_nYkwP-JpUSReZsD4g', '세계적으로 유명한 운동 정보', FLOOR(RAND() * 100) + 1, 'tN7QirI_Vlg'),
('등 운동의 근본, 바벨로우 하는 방법 (진짜 한국에서 아무도 말해준 적 없는 정확한 근거와 이유)', '등', '바벨로우', 'https://i.ytimg.com/vi/mi55EK35xfk/hq720.jpg?sqp=-oaymwEcCNAFEJQDSFXyq4qpAw4IARUAAIhCGAFwAcABBg==&rs=AOn4CLD3Dt8r_6T9_GLW1l1JR9-7Woe-uw', '파워게르만POGER', FLOOR(RAND() * 100) + 1, 'mi55EK35xfk'),
('최고의 등 운동, 완벽한 바벨로우 강의 (운동의 정석)', '등', '바벨로우', 'https://i.ytimg.com/vi/EEqGCoTuYfQ/hqdefault.jpg?sqp=-oaymwEcCOADEI4CSFXyq4qpAw4IARUAAIhCGAFwAcABBg==&rs=AOn4CLARmahLKxPOod8XSVfPaScyJEgCfQ', '피지컬갤러리', FLOOR(RAND() * 100) + 1, 'EEqGCoTuYfQ'),
('완벽한 데드리프트 강의 [운동의 정석]', '등', '데드리프트', 'https://i.ytimg.com/vi/EBjYQeeBI-0/hq720.jpg?sqp=-oaymwEcCNAFEJQDSFXyq4qpAw4IARUAAIhCGAFwAcABBg==&rs=AOn4CLCgzj_lkZSCfDRahQjqRORRUhKrLA', '피지컬갤러리', FLOOR(RAND() * 100) + 1, 'EBjYQeeBI-0'),
('완벽한 스쿼트 제대로 하는 방법', '하체', '스쿼트', 'https://i.ytimg.com/vi/Fk9j6pQ6ej8/hq720.jpg?sqp=-oaymwEcCNAFEJQDSFXyq4qpAw4IARUAAIhCGAFwAcABBg==&rs=AOn4CLCt0V0ey-8LuAyAfTjfyskCoD6hPQ', '피지컬갤러리', FLOOR(RAND() * 100) + 1, 'Fk9j6pQ6ej8'),
('완벽한 밀리터리 프레스 제대로 하는법', '어깨', '밀리터리프레스', 'https://i.ytimg.com/vi/Nz-GgD0yRYQ/hq720.jpg?sqp=-oaymwEcCNAFEJQDSFXyq4qpAw4IARUAAIhCGAFwAcABBg==&rs=AOn4CLCnjD9AOHvD2YZvhs3nQ4LsRfDyqA', '피지컬갤러리', FLOOR(RAND() * 100) + 1, 'Nz-GgD0yRYQ'),
('사이드 레터럴 레이즈 기초 | 어깨를 더 넓어 보이게 만들어 봅시다', '어깨', '사이드레터럴레이즈', 'https://i.ytimg.com/vi/iNgwwI3WBTo/hq720.jpg?sqp=-oaymwEcCNAFEJQDSFXyq4qpAw4IARUAAIhCGAFwAcABBg==&rs=AOn4CLBEMXkW9SL7BawWCUHCGdc1snnQrA', '강경원', FLOOR(RAND() * 100) + 1, 'iNgwwI3WBTo'),
('사이드 레터럴 레이즈 자세 완벽정리 I 승모근 개입없이 어깨운동 하는법 feat.내추럴 어깨뽕만들기', '어깨', '사이드레터럴레이즈', 'https://i.ytimg.com/vi/YdhHnZxcpgY/hq720.jpg?sqp=-oaymwEcCNAFEJQDSFXyq4qpAw4IARUAAIhCGAFwAcABBg==&rs=AOn4CLArvWc3ry6DLSdHQuF2xB4XQt5pcw', '핏블리 FITVELY', FLOOR(RAND() * 100) + 1, 'YdhHnZxcpgY'),
('어깨를 더 커 보이게 만들어주는 운동, 승모근을 주의하세요 l 벤트오버 레터럴 레이즈', '어깨', '벤트오버레터럴레이즈', 'https://i.ytimg.com/vi/n3aX0oJyvWA/hq720.jpg?sqp=-oaymwEcCNAFEJQDSFXyq4qpAw4IARUAAIhCGAFwAcABBg==&rs=AOn4CLD2QZ-0I1wFgPdhnkpI6AYi4qFXEw', '강경원', FLOOR(RAND() * 100) + 1, 'n3aX0oJyvWA'),
('바벨 컬 기초 l 팔을 굵게 만들고 싶으면 하세요', '팔', '바벨컬', 'https://i.ytimg.com/vi/Dlg0W_5mq98/hq720.jpg?sqp=-oaymwEcCNAFEJQDSFXyq4qpAw4IARUAAIhCGAFwAcABBg==&rs=AOn4CLC0FoXWvBc25UVklvkJK4dH6yOTTA', '강경원', FLOOR(RAND() * 100) + 1, 'Dlg0W_5mq98'),
('전완근과 이두근 운동, 생각보다 어려운 이두근 운동 - 해머 컬, 얼터네이트 컬', '팔', '덤벨컬', 'https://i.ytimg.com/vi/n4L2Kvdtg-8/hq720.jpg?sqp=-oaymwEcCNAFEJQDSFXyq4qpAw4IARUAAIhCGAFwAcABBg==&rs=AOn4CLAmYf6YrskDeweKXuJWtoM81B3jqQ', '강경원', FLOOR(RAND() * 100) + 1, 'n4L2Kvdtg-8'),
('1분안에 마스터한다! 터질듯한 반팔핏을 위한 필수운동 오버헤드익스텐션!', '팔', '덤벨오버헤드익스텐션', 'https://i.ytimg.com/vi/S16elxfEYT8/hqdefault.jpg?sqp=-oaymwEcCOADEI4CSFXyq4qpAw4IARUAAIhCGAFwAcABBg==&rs=AOn4CLBCfXvN0OCh2baXw6BGv_buRCUd2Q', '권혁TV', FLOOR(RAND() * 100) + 1, 'S16elxfEYT8'),
('팔이 커지고 싶다면 꼭 해야되는 삼두운동 l 덤벨 오버헤드 익스텐션', '팔', '덤벨오버헤드익스텐션', 'https://i.ytimg.com/vi/3Nqt05cRhpU/hq720.jpg?sqp=-oaymwEcCNAFEJQDSFXyq4qpAw4IARUAAIhCGAFwAcABBg==&rs=AOn4CLBJR2DsP6eFxQAIq8cMwkyGu30pbg', '한조바디', FLOOR(RAND() * 100) + 1, '3Nqt05cRhpU'),
('스탠딩 로프 트라이셉 익스텐션 :삼두 마무리 운동(장두 집중) I Standing Rope Triceps Extension I 보디빌더 김준호 IFBB Pro KIM JUN HO', '팔', '스탠딩로프트라이셉익스텐션', 'https://i.ytimg.com/vi/aokau6TzsXA/hq720.jpg?sqp=-oaymwEcCNAFEJQDSFXyq4qpAw4IARUAAIhCGAFwAcABBg==&rs=AOn4CLABEcdN37an5D0ZR8dR17EBR8gkpw', 'MONSTERZYM몬스터짐', FLOOR(RAND() * 100) + 1, 'aokau6TzsXA'),
('1분만에 완벽이해! 크고 강한 삼두를 갖기위한 케이블푸쉬다운 ! (1분OX)', '팔', '케이블푸쉬다운', 'https://i.ytimg.com/vi/cF9NczPANp4/hqdefault.jpg?sqp=-oaymwEcCOADEI4CSFXyq4qpAw4IARUAAIhCGAFwAcABBg==&rs=AOn4CLDtoq_KMqQZtZMLipp2d6EXrtYmww', '권혁TV', FLOOR(RAND() * 100) + 1, 'cF9NczPANp4'),
('많은 분들이 잘 못하고 있는 운동, 초중급자 추천 팔 운동 l 케이블 푸쉬다운', '팔', '케이블푸쉬다운', 'https://i.ytimg.com/vi/ObEtLS9heOo/hq720.jpg?sqp=-oaymwEcCNAFEJQDSFXyq4qpAw4IARUAAIhCGAFwAcABBg==&rs=AOn4CLAhz-Qe3xQbBPh3_XSlPHL9uSQ1Fw', '강경원', FLOOR(RAND() * 100) + 1, 'ObEtLS9heOo'),
('클로즈 그립 프레스 l 삼두근을 더 크게 만들 수 있는 운동', '팔', '클로즈그립벤치프레스', 'https://i.ytimg.com/vi/IxHFahr1I-0/hq720.jpg?sqp=-oaymwEcCNAFEJQDSFXyq4qpAw4IARUAAIhCGAFwAcABBg==&rs=AOn4CLBqz--v4PKvgsYHodKCuqWdlHwzCg', '한조바디', FLOOR(RAND() * 100) + 1, 'IxHFahr1I-0'),
('누워서 5분 복부운동!! 효과보장! (매일 2주만 해보세요!)', '복근', '복근운동', 'https://i.ytimg.com/vi/7TLk7pscICk/hq720.jpg?sqp=-oaymwEcCNAFEJQDSFXyq4qpAw4IARUAAIhCGAFwAcABBg==&rs=AOn4CLCSzdQy_ZUn3NE2zk6_gtu61aShgg', '소미핏 SOMIFIT', FLOOR(RAND() * 100) + 1, '7TLk7pscICk'),
('11자복근 복부 최고의 운동 [복근 핵매운맛]', '복근', '복근운동', 'https://i.ytimg.com/vi/PjGcOP-TQPE/hq720.jpg?sqp=-oaymwEcCNAFEJQDSFXyq4qpAw4IARUAAIhCGAFwAcABBg==&rs=AOn4CLC2EPwTCFD11Xc1Fj4B-FMAv0aBZQ', 'Thankyou BUBU', FLOOR(RAND() * 100) + 1, 'PjGcOP-TQPE'),
('2주만에 복근 만드는 운동 2 MIN ABS WORKOUT', '복근', '복근운동', 'https://i.ytimg.com/vi/PoYzxj8Iy5M/hq720.jpg?sqp=-oaymwEcCNAFEJQDSFXyq4qpAw4IARUAAIhCGAFwAcABBg==&rs=AOn4CLCgdQahDT2ZrJQRziqn5XgypqFeIQ', 'Thankyou BUBU', FLOOR(RAND() * 100) + 1, 'PoYzxj8Iy5M'),
('복부운동 짧고 굵게! 운동효율 갑! [6 MINS ABS WORKOUT]', '복근', '복근운동', 'https://i.ytimg.com/vi/sVQqBDBZhmI/hq720.jpg?sqp=-oaymwEcCNAFEJQDSFXyq4qpAw4IARUAAIhCGAFwAcABBg==&rs=AOn4CLBG53nJy7I_wp4arwF5wi0q1MOc5Q', '소미핏 SOMIFIT', FLOOR(RAND() * 100) + 1, 'sVQqBDBZhmI'),
('[ENG] (층간소음X, 설명O) 복근운동과 유산소를 한번에❗️서서하는 복근운동 1탄🔥', '복근', '복근운동', 'https://i.ytimg.com/vi/kETh8T3it4k/hq720.jpg?sqp=-oaymwEcCNAFEJQDSFXyq4qpAw4IARUAAIhCGAFwAcABBg==&rs=AOn4CLBcSu0fnSdYjA5YddgediNpfxjU3g', '힙으뜸', FLOOR(RAND() * 100) + 1, 'kETh8T3it4k'),
('[ENG] (층간소음X, 설명O) 🔥짧고 굵게🔥 복근만들기 2주 챌린지', '복근', '복근운동', 'https://i.ytimg.com/vi/QSZ0mUGO_CA/hq720.jpg?sqp=-oaymwEcCNAFEJQDSFXyq4qpAw4IARUAAIhCGAFwAcABBg==&rs=AOn4CLAFp3aTYzYdcVKFnQytjpCSksE0iw', '힙으뜸', FLOOR(RAND() * 100) + 1, 'QSZ0mUGO_CA'),
('12분 서서하는 복근운동 홈트레이닝 - 체지방 태우기는 보너스', '복근', '복근운동', 'https://i.ytimg.com/vi/sqQpL1wKW6M/hq720.jpg?sqp=-oaymwEcCNAFEJQDSFXyq4qpAw4IARUAAIhCGAFwAcABBg==&rs=AOn4CLA-cZwQMA5NsKrRl1CPEiz1B8w5sQ', '빅씨스 Bigsis', FLOOR(RAND() * 100) + 1, 'sqQpL1wKW6M'),
('[ENG]세계 1등 홍범석 복근운동법..딱 11분인데..이게 가능하다고?', '복근', '복근운동', 'https://i.ytimg.com/vi/K9XGEwgs47M/hq720.jpg?sqp=-oaymwEcCNAFEJQDSFXyq4qpAw4IARUAAIhCGAFwAcABBg==&rs=AOn4CLDugmwi86QIVPoOLOBru8HJGoC_0A', '홍범석 hongbeomseok', FLOOR(RAND() * 100) + 1, 'K9XGEwgs47M');

-- 42, 2개씩 84개
INSERT INTO video_comment (video_id, writer, content, reg_date, parent) VALUES
    (1, 'user1', '오늘은 정말 활기찬 운동이었어요!', '2024-05-01 10:00:00', 0),
    (2, 'user2', '이 영상 진짜 대박이네요!', '2024-05-01 10:30:00', 0),
    (3, 'user3', '운동에 대한 열정이 느껴져요!', '2024-05-01 11:00:00', 0),
    (4, 'user4', '매일매일 운동하는 것이 습관이 돼가는 중입니다!', '2024-05-01 11:30:00', 0),
    (5, 'user5', '운동을 시작한 지 얼마 되지 않았는데, 이 영상 덕분에 많은 것을 배웠어요!', '2024-05-01 12:00:00', 0),
    (6, 'user8', '운동을 즐기면서 건강도 챙기는 것이 중요하죠!', '2024-05-01 12:30:00', 0),
    (7, 'user10', '오늘도 좋은 운동 했어요!', '2024-05-01 13:00:00', 0),
    (8, 'user1', '운동으로 스트레스를 푸는 중입니다!', '2024-05-01 13:30:00', 0),
    (9, 'user2', '운동은 건강의 첫걸음입니다!', '2024-05-01 14:00:00', 0),
    (10, 'user3', '운동은 생활의 일부가 되어야 해요!', '2024-05-01 14:30:00', 0),
    (11, 'user4', '매일 운동하는 것이 목표입니다!', '2024-05-01 15:00:00', 0),
    (12, 'user5', '운동으로 건강한 생활을!', '2024-05-01 15:30:00', 0),
    (13, 'user8', '운동은 삶의 활력소입니다!', '2024-05-01 16:00:00', 0),
    (14, 'user10', '운동은 습관으로!', '2024-05-01 16:30:00', 0),
    (15, 'user1', '오늘도 활기찬 운동이었어요!', '2024-05-01 17:00:00', 0),
    (16, 'user2', '운동은 건강을 지킵니다!', '2024-05-01 17:30:00', 0),
    (17, 'user3', '운동은 즐거움입니다!', '2024-05-01 18:00:00', 0),
    (18, 'user4', '운동은 삶의 활력을 더해줍니다!', '2024-05-01 18:30:00', 0),
    (19, 'user5', '운동은 건강한 삶을 위한 필수품이죠!', '2024-05-01 19:00:00', 0),
    (20, 'user8', '운동으로 건강한 몸을!', '2024-05-01 19:30:00', 0),
    (21, 'user10', '운동으로 스트레스를 해소하세요!', '2024-05-01 20:00:00', 0),
    (22, 'user1', '운동으로 좋은 습관을 만들어요!', '2024-05-01 20:30:00', 0),
    (23, 'user2', '운동은 건강의 시작입니다!', '2024-05-01 21:00:00', 0),
    (24, 'user3', '운동은 즐거움과 건강을 모두 얻을 수 있어요!', '2024-05-01 21:30:00', 0),
    (25, 'user4', '운동은 긍정적인 에너지를 줍니다!', '2024-05-01 22:00:00', 0),
    (26, 'user5', '운동은 자신감을 선사합니다!', '2024-05-01 22:30:00', 0),
    (27, 'user8', '운동으로 힘든 일상을 버텨냅니다!', '2024-05-01 23:00:00', 0),
    (28, 'user10', '운동으로 건강한 생활습관을!', '2024-05-01 23:30:00', 0),
    (29, 'user1', '운동은 몸과 마음을 건강하게 만듭니다!', '2024-05-02 00:00:00', 0),
    (30, 'user2', '운동은 행복을 가져다줍니다!', '2024-05-02 00:30:00', 0),
    (31, 'user3', '운동은 삶의 질을 높여줍니다!', '2024-05-02 01:00:00', 0),
    (32, 'user4', '운동은 자기관리의 중요성을 알려줍니다!', '2024-05-02 01:30:00', 0),
    (33, 'user5', '운동은 긍정적인 에너지를 전달합니다!', '2024-05-02 02:00:00', 0),
    (34, 'user8', '운동은 자신감을 키워줍니다!', '2024-05-02 02:30:00', 0),
    (35, 'user10', '운동으로 건강한 삶을 찾으세요!', '2024-05-02 03:00:00', 0),
	(36, 'user1', '유산소 운동을 해서 체력을 키워봐요!', '2024-05-02 03:00:00', 0),
    (37, 'user2', '근력 운동은 건강한 근육을 만들어줘요!', '2024-05-02 03:30:00', 0),
    (38, 'user3', '스트레칭은 몸을 유연하게 만들어줍니다!', '2024-05-02 04:00:00', 0),
    (39, 'user4', '규칙적인 운동은 건강에 도움이 됩니다!', '2024-05-02 04:30:00', 0),
    (40, 'user5', '운동은 스트레스를 해소하는 좋은 방법이에요!', '2024-05-02 05:00:00', 0),
    (41, 'user8', '운동은 자신감을 높여줍니다!', '2024-05-02 05:30:00', 0),
    (42, 'user10', '운동은 건강한 삶을 위한 필수품입니다!', '2024-05-02 06:00:00', 0),
	(1, 'user5', '이 영상은 정말 동기부여가 됩니다!', '2024-05-02 12:00:00', 0),
    (2, 'user4', '운동은 건강한 식사와 함께해야 해요!', '2024-05-02 12:30:00', 0),
    (3, 'user3', '운동은 습관이 되어야 효과가 있어요!', '2024-05-02 13:00:00', 0),
    (4, 'user2', '운동으로 몸과 마음을 건강하게 만들어요!', '2024-05-02 13:30:00', 0),
    (5, 'user1', '오늘의 운동은 내일의 건강을 책임집니다!', '2024-05-02 14:00:00', 0),
    (6, 'user10', '운동은 자신감을 키워줍니다!', '2024-05-02 14:30:00', 0),
    (7, 'user8', '운동은 좋은 습관이에요!', '2024-05-02 15:00:00', 0),
    (8, 'user5', '운동으로 스트레스를 푸는 법을 배워요!', '2024-05-02 15:30:00', 0),
    (9, 'user4', '운동은 삶의 질을 높여줍니다!', '2024-05-02 16:00:00', 0),
    (10, 'user3', '운동으로 힘든 일상을 버텨냅니다!', '2024-05-02 16:30:00', 0),
    (11, 'user2', '운동은 몸을 건강하게 만들어줍니다!', '2024-05-02 17:00:00', 0),
    (12, 'user1', '운동은 긍정적인 에너지를 전달합니다!', '2024-05-02 17:30:00', 0),
    (13, 'user10', '운동으로 삶의 활력을 되찾아보세요!', '2024-05-02 18:00:00', 0),
    (14, 'user8', '운동은 건강한 생활의 필수품입니다!', '2024-05-02 18:30:00', 0),
    (15, 'user5', '운동은 행복한 삶을 만들어줍니다!', '2024-05-02 19:00:00', 0),
    (16, 'user4', '운동은 자신을 믿게 해줍니다!', '2024-05-02 19:30:00', 0),
    (17, 'user3', '운동은 자존감을 높여줍니다!', '2024-05-02 20:00:00', 0),
    (18, 'user2', '운동은 몸과 마음을 건강하게 만들어줍니다!', '2024-05-02 20:30:00', 0),
    (19, 'user1', '운동은 건강한 삶을 위한 첫걸음입니다!', '2024-05-02 21:00:00', 0),
    (20, 'user10', '운동으로 스트레스를 해소하세요!', '2024-05-02 21:30:00', 0),
    (21, 'user8', '운동은 행복한 인생을 만들어줍니다!', '2024-05-02 22:00:00', 0),
    (22, 'user5', '운동은 자신감을 선사합니다!', '2024-05-02 22:30:00', 0),
    (23, 'user4', '운동으로 건강한 몸을 만들어요!', '2024-05-02 23:00:00', 0),
    (24, 'user3', '운동은 긍정적인 생각을 불러일으킵니다!', '2024-05-02 23:30:00', 0),
    (25, 'user2', '운동은 스트레스를 날려버립니다!', '2024-05-03 00:00:00', 0),
    (26, 'user1', '운동은 건강한 삶의 시작입니다!', '2024-05-03 00:30:00', 0),
    (27, 'user10', '운동은 행복을 가져다줍니다!', '2024-05-03 01:00:00', 0),
    (28, 'user8', '운동으로 자신감을 키워보세요!', '2024-05-03 01:30:00', 0),
    (29, 'user5', '운동은 행복한 삶을 만들어줍니다!', '2024-05-03 02:00:00', 0),
    (30, 'user4', '운동으로 건강을 유지하세요!', '2024-05-03 02:30:00', 0),
    (31, 'user3', '운동은 건강한 삶의 필수품입니다!', '2024-05-03 03:00:00', 0),
    (32, 'user2', '운동은 몸과 마음을 건강하게 만듭니다!', '2024-05-03 03:30:00', 0),
    (33, 'user1', '운동은 행복을 가져다줍니다!', '2024-05-03 04:00:00', 0),
    (34, 'user10', '운동은 스트레스를 날려버립니다!', '2024-05-03 04:30:00', 0),
    (35, 'user8', '운동은 삶의 질을 높여줍니다!', '2024-05-03 05:00:00', 0),
    (36, 'user5', '운동으로 스트레스를 해소하세요!', '2024-05-03 05:30:00', 0),
    (37, 'user4', '운동은 건강한 삶을 만듭니다!', '2024-05-03 06:00:00', 0),
    (38, 'user3', '운동은 긍정적인 생각을 불러일으킵니다!', '2024-05-03 06:30:00', 0),
    (39, 'user2', '운동으로 행복한 삶을 살아봐요!', '2024-05-03 07:00:00', 0),
    (40, 'user1', '운동은 자신감을 선사합니다!', '2024-05-03 07:30:00', 0),
    (41, 'user10', '운동은 건강한 몸을 만들어줍니다!', '2024-05-03 08:00:00', 0),
    (42, 'user8', '운동은 스트레스를 날려버립니다!', '2024-05-03 08:30:00', 0);
    
-- 46개
INSERT INTO community (title, writer, content, reg_date, like_cnt, view_cnt, comment_cnt) VALUES
    ('운동으로 건강한 삶을 즐기는 법', 'user1', '오늘은 운동으로 건강을 챙기는 방법에 대해 이야기해보려고 합니다.', '2024-05-01 10:00:00', 1, FLOOR(RAND() * 100) + 1, 2),
    ('다이어트를 위한 운동 팁', 'user2', '다이어트를 위한 운동에 대한 팁과 경험을 나누고 싶어요.', '2024-05-01 11:00:00', 1, FLOOR(RAND() * 100) + 1, 2),
    ('근육을 키우는 운동 루틴', 'user3', '근육을 효과적으로 키우기 위한 운동 루틴에 대해 공유합니다.', '2024-05-01 12:00:00', 2, FLOOR(RAND() * 100) + 1, 2),
    ('운동 중요성에 대해', 'user4', '운동이 왜 중요한지에 대해 생각해보고자 합니다.', '2024-05-01 13:00:00', 2, FLOOR(RAND() * 100) + 1, 2),
    ('건강한 식습관과 운동의 조화', 'user5', '건강한 식습관과 운동을 조화롭게 유지하는 방법에 대해 이야기합니다.', '2024-05-01 14:00:00', 4, FLOOR(RAND() * 100) + 1, 2),
    ('스트레칭의 중요성', 'user8', '스트레칭이 운동 전후에 왜 중요한지에 대해 알아보려 합니다.', '2024-05-01 15:00:00', 4, FLOOR(RAND() * 100) + 1, 2),
    ('운동으로 건강한 삶의 시작', 'user10', '운동은 건강한 삶의 시작입니다. 함께 건강한 삶을 추구해봐요!', '2024-05-01 16:00:00', 6, FLOOR(RAND() * 100) + 1, 2),
    ('운동을 하며 느낀 변화', 'user1', '운동을 시작한 이후로 느낀 변화와 효과에 대해 이야기합니다.', '2024-05-01 17:00:00', 6, FLOOR(RAND() * 100) + 1, 2),
    ('건강한 몸을 위한 스포츠', 'user2', '스포츠를 통해 건강한 몸을 만드는 방법에 대해 알아봅시다.', '2024-05-01 18:00:00', 8, FLOOR(RAND() * 100) + 1, 2),
    ('운동의 즐거움', 'user3', '운동을 하면서 느끼는 기쁨과 즐거움을 나누고 싶습니다.', '2024-05-01 19:00:00', 7, FLOOR(RAND() * 100) + 1, 2),
    ('운동을 하면서 겪는 고민들', 'user4', '운동을 하면서 겪는 다양한 고민과 해결책에 대해 이야기해보려고 합니다.', '2024-05-01 20:00:00', 8, FLOOR(RAND() * 100) + 1, 2),
    ('운동의 즐거움과 효과', 'user5', '운동이 주는 기쁨과 건강 효과에 대해 이야기합니다.', '2024-05-01 21:00:00', 7, FLOOR(RAND() * 100) + 1, 2),
	('운동은 긍정적인 에너지를 전달합니다', 'user5', '운동으로 긍정적인 에너지를 전달하고 싶어요!', '2024-05-01 04:00:00', 7, FLOOR(RAND() * 100) + 1, 2),
    ('운동으로 행복한 삶을 누리는 방법', 'user8', '운동을 통해 행복한 삶을 즐기는 방법에 대해 이야기합니다.', '2024-05-01 05:00:00', 6, FLOOR(RAND() * 100) + 1, 2),
    ('운동으로 건강한 생활 습관 만들기', 'user10', '운동을 통해 건강한 생활 습관을 만들어 봐요!', '2024-05-01 06:00:00', 7, FLOOR(RAND() * 100) + 1, 2),
    ('스트레스를 날려버리는 운동', 'user1', '스트레스를 날려버리고 건강한 몸을 만들어봐요!', '2024-05-01 07:00:00', 6, FLOOR(RAND() * 100) + 1, 2),
    ('운동으로 스트레스를 해소하는 방법', 'user2', '운동을 통해 스트레스를 해소하는 다양한 방법을 소개합니다.', '2024-05-01 08:00:00', 7, FLOOR(RAND() * 100) + 1, 2),
    ('건강한 삶을 위한 운동의 중요성', 'user3', '건강한 삶을 위해 운동이 얼마나 중요한지 이야기합니다.', '2024-05-01 09:00:00', 6, FLOOR(RAND() * 100) + 1, 2),
    ('운동으로 행복한 인생을', 'user4', '운동을 통해 행복한 인생을 만들어봐요!', '2024-05-01 10:00:00', 7, FLOOR(RAND() * 100) + 1, 2),
    ('운동은 건강한 삶의 시작', 'user5', '운동은 건강한 삶을 시작하는 첫걸음입니다.', '2024-05-01 11:00:00', 6, FLOOR(RAND() * 100) + 1, 2),
    ('운동으로 자신감을 키우는 법', 'user8', '운동을 통해 자신감을 키우는 다양한 방법에 대해 알아봐요!', '2024-05-01 12:00:00', 7, FLOOR(RAND() * 100) + 1, 2),
    ('운동으로 건강한 삶을 즐기는 법', 'user10', '운동을 통해 건강한 삶을 어떻게 즐길 수 있는지 알아봐요!', '2024-05-01 13:00:00', 6, FLOOR(RAND() * 100) + 1, 2),
    ('운동으로 행복한 삶을 만드는 법', 'user1', '운동을 통해 행복한 삶을 만들어봐요!', '2024-05-01 14:00:00', 7, FLOOR(RAND() * 100) + 1, 2),
    ('운동으로 건강한 몸을 만드는 법', 'user2', '운동을 통해 건강한 몸을 만드는 방법을 알아봐요!', '2024-05-01 15:00:00', 6, FLOOR(RAND() * 100) + 1, 2),
    ('운동으로 자신감을 키우는 방법', 'user4', '운동을 통해 자신감을 키우는 다양한 방법을 알려드릴게요!', '2024-05-01 16:00:00', 7, FLOOR(RAND() * 100) + 1, 2),
    ('운동으로 행복한 인생을 만드는 방법', 'user5', '운동을 통해 행복한 인생을 만들어보세요!', '2024-05-01 17:00:00', 6, FLOOR(RAND() * 100) + 1, 2),
    ('운동의 즐거움과 효과', 'user8', '운동이 주는 기쁨과 건강 효과에 대해 이야기합니다.', '2024-05-01 18:00:00', 7, FLOOR(RAND() * 100) + 1, 2),
    ('운동으로 건강한 삶을 즐기는 방법', 'user10', '운동을 통해 건강한 삶을 어떻게 즐길 수 있는지 알아봐요!', '2024-05-01 19:00:00', 1, FLOOR(RAND() * 100) + 1, 2),
    ('운동의 기쁨과 즐거움', 'user1', '운동을 하면서 느끼는 기쁨과 즐거움을 나누고 싶습니다.', '2024-05-01 20:00:00', 2, FLOOR(RAND() * 100) + 1, 2),
    ('운동의 효과와 긍정적 변화', 'user2', '운동을 하면서 느끼는 효과와 긍정적 변화에 대해 이야기합니다.', '2024-05-01 21:00:00', 1, FLOOR(RAND() * 100) + 1, 2),
    ('운동으로 건강한 습관 만들기', 'user3', '운동을 통해 건강한 생활 습관을 만들어봐요!', '2024-05-01 22:00:00', 2, FLOOR(RAND() * 100) + 1, 2),
    ('스트레스를 날려버리는 운동', 'user4', '스트레스를 날려버리고 건강한 몸을 만들어봐요!', '2024-05-01 23:00:00', 1, FLOOR(RAND() * 100) + 1, 2),
    ('운동으로 스트레스를 해소하는 방법', 'user5', '운동을 통해 스트레스를 해소하는 다양한 방법을 소개합니다.', '2024-05-02 00:00:00', 2, FLOOR(RAND() * 100) + 1, 2),
    ('건강한 삶을 위한 운동의 중요성', 'user8', '건강한 삶을 위해 운동이 얼마나 중요한지 이야기합니다.', '2024-05-02 01:00:00', 1, FLOOR(RAND() * 100) + 1, 2),
    ('운동으로 행복한 인생을', 'user10', '운동을 통해 행복한 인생을 만들어봐요!', '2024-05-02 02:00:00', 2, FLOOR(RAND() * 100) + 1, 2),
    ('운동은 건강한 삶의 시작', 'user1', '운동은 건강한 삶을 시작하는 첫걸음입니다.', '2024-05-02 03:00:00', 1, FLOOR(RAND() * 100) + 1, 2),
    ('운동으로 자신감을 키우는 법', 'user2', '운동을 통해 자신감을 키우는 다양한 방법에 대해 알아봐요!', '2024-05-02 04:00:00', 2, FLOOR(RAND() * 100) + 1, 2),
    ('운동으로 건강한 삶을 즐기는 법', 'user3', '운동을 통해 건강한 삶을 어떻게 즐길 수 있는지 알아봐요!', '2024-05-02 05:00:00', 1, FLOOR(RAND() * 100) + 1, 2),
    ('운동으로 행복한 삶을 만드는 법', 'user4', '운동을 통해 행복한 삶을 만들어봐요!', '2024-05-02 06:00:00', 2, FLOOR(RAND() * 100) + 1, 2),
    ('운동으로 건강한 몸을 만드는 법', 'user5', '운동을 통해 건강한 몸을 만드는 방법을 알아봐요!', '2024-05-02 07:00:00', 1, FLOOR(RAND() * 100) + 1, 2),
    ('운동으로 스트레스를 해소하는 법', 'user8', '운동을 통해 스트레스를 해소하는 다양한 방법을 소개합니다.', '2024-05-02 08:00:00', 2, FLOOR(RAND() * 100) + 1, 2),
    ('운동으로 행복한 인생을 만드는 방법', 'user1', '운동을 통해 행복한 인생을 만들어봐요!', '2024-05-02 10:00:00', 1, FLOOR(RAND() * 100) + 1, 2),
    ('운동은 건강한 삶의 시작', 'user2', '운동은 건강한 삶을 시작하는 첫걸음입니다.', '2024-05-02 11:00:00', 2, FLOOR(RAND() * 100) + 1, 2),
    ('운동으로 자신감을 키우는 법', 'user3', '운동을 통해 자신감을 키우는 다양한 방법에 대해 알아봐요!', '2024-05-02 12:00:00', 1, FLOOR(RAND() * 100) + 1, 2),
    ('운동으로 건강한 삶을 즐기는 법', 'user4', '운동을 통해 건강한 삶을 어떻게 즐길 수 있는지 알아봐요!', '2024-05-02 13:00:00', 2, FLOOR(RAND() * 100) + 1, 2),
    ('운동으로 행복한 삶을 만드는 법', 'user5', '운동을 통해 행복한 삶을 만들어봐요!', '2024-05-02 14:00:00', 1, FLOOR(RAND() * 100) + 1, 2);

-- 1~46 두개씩 92개
INSERT INTO community_comment (community_id, writer, content, reg_date, parent) VALUES
    (1, 'user1', '운동을 통해 건강한 삶을 즐길 수 있어 좋네요!', '2024-05-20 00:00:01', 0),
    (2, 'user2', '다이어트를 위한 운동 팁 감사합니다!', '2024-05-20 00:00:02', 0),
    (3, 'user3', '근육을 키우는 운동 루틴을 알려주셔서 감사합니다.', '2024-05-20 00:00:03', 0),
    (4, 'user4', '운동에 대한 생각을 공유해주셔서 감사합니다.', '2024-05-20 00:00:04', 0),
    (5, 'user5', '운동과 식습관의 조화에 관해 공감합니다.', '2024-05-20 00:00:05', 0),
    (6, 'user8', '스트레칭이 왜 중요한지 알게 되었습니다.', '2024-05-20 00:00:06', 0),
    (7, 'user10', '운동으로 건강한 삶을 시작해보고 싶습니다.', '2024-05-20 00:00:07', 0),
    (8, 'user1', '운동으로 변화를 느끼는 것이 기분 좋아요!', '2024-05-20 00:00:08', 0),
    (9, 'user2', '스포츠를 통해 건강한 몸을 만드는 법을 알아보겠습니다.', '2024-05-20 00:00:09', 0),
    (10, 'user3', '운동으로 행복을 느껴보려고 합니다.', '2024-05-20 00:00:10', 0),
    (11, 'user4', '운동을 하면서 겪는 고민들에 대해 논의하고 싶어요.', '2024-05-20 00:00:11', 0),
    (12, 'user5', '운동으로 기쁨을 느끼는 것이 좋아요!', '2024-05-20 00:00:12', 0),
    (13, 'user8', '운동으로 스트레스를 날려보려고 합니다.', '2024-05-20 00:00:13', 0),
    (14, 'user10', '운동으로 자신감을 키우고 싶습니다.', '2024-05-20 00:00:14', 0),
    (15, 'user1', '운동으로 건강한 삶의 습관을 만들고 싶어요.', '2024-05-20 00:00:15', 0),
    (16, 'user2', '운동으로 건강한 생활을 만들어보겠습니다.', '2024-05-20 00:00:16', 0),
    (17, 'user3', '운동으로 긍정적인 에너지를 얻고 싶어요!', '2024-05-20 00:00:17', 0),
    (18, 'user4', '운동으로 행복한 삶을 만드는 법에 대해 생각합니다.', '2024-05-20 00:00:18', 0),
    (19, 'user5', '운동으로 건강한 삶을 시작해봅시다.', '2024-05-20 00:00:19', 0),
    (20, 'user8', '운동으로 자신감을 키우는 방법에 대해 알아봐요.', '2024-05-20 00:00:20', 0),
    (21, 'user10', '운동으로 건강한 삶을 즐기는 방법을 찾아보겠습니다.', '2024-05-20 00:00:21', 0),
    (22, 'user1', '운동으로 행복한 삶을 만드는 법에 대해 고민합니다.', '2024-05-20 00:00:22', 0),
    (23, 'user2', '운동으로 스트레스를 날려보려고 합니다.', '2024-05-20 00:00:23', 0),
    (24, 'user3', '운동으로 자신감을 키우는 방법을 알아보려고 합니다.', '2024-05-20 00:00:24', 0),
    (25, 'user4', '운동으로 건강한 삶을 즐기는 방법을 찾아보려고 합니다.', '2024-05-20 00:00:25', 0),
    (26, 'user5', '운동으로 행복한 삶을 만드는 법에 대해 고민합니다.', '2024-05-20 00:00:26', 0),
    (27, 'user8', '운동으로 건강한 삶을 즐기는 방법을 찾아보겠습니다.', '2024-05-20 00:00:27', 0),
    (28, 'user10', '운동으로 행복한 삶을 만드는 법에 대해 고민합니다.', '2024-05-20 00:00:28', 0),
    (29, 'user1', '운동으로 스트레스를 날려보려고 합니다.', '2024-05-20 00:00:29', 0),
    (30, 'user2', '운동으로 건강한 삶을 즐기는 방법을 알려주셔서 감사합니다.', '2024-05-20 00:00:30', 0),
	(31, 'user3', '운동으로 행복한 삶을 만드는 법에 대해 고민합니다.', '2024-05-20 00:00:30', 0),
    (32, 'user4', '운동으로 스트레스를 날려보려고 합니다.', '2024-05-20 00:00:31', 0),
    (33, 'user5', '운동으로 건강한 삶을 즐기는 방법을 찾아보겠습니다.', '2024-05-20 00:00:32', 0),
    (34, 'user8', '운동으로 행복한 삶을 만드는 법에 대해 고민합니다.', '2024-05-20 00:00:33', 0),
    (35, 'user10', '운동으로 스트레스를 날려보려고 합니다.', '2024-05-20 00:00:34', 0),
    (36, 'user1', '운동으로 건강한 삶을 즐기는 방법을 찾아보겠습니다.', '2024-05-20 00:00:35', 0),
    (37, 'user2', '운동으로 행복한 삶을 만드는 법에 대해 고민합니다.', '2024-05-20 00:00:36', 0),
    (38, 'user3', '운동으로 스트레스를 날려보려고 합니다.', '2024-05-20 00:00:37', 0),
    (39, 'user4', '운동으로 건강한 삶을 즐기는 방법을 찾아보겠습니다.', '2024-05-20 00:00:38', 0),
    (40, 'user5', '운동으로 행복한 삶을 만드는 법에 대해 고민합니다.', '2024-05-20 00:00:39', 0),
    (41, 'user8', '운동으로 스트레스를 날려보려고 합니다.', '2024-05-20 00:00:40', 0),
    (42, 'user10', '운동으로 건강한 삶을 즐기는 방법을 찾아보겠습니다.', '2024-05-20 00:00:41', 0),
    (43, 'user1', '운동으로 행복한 삶을 만드는 법에 대해 고민합니다.', '2024-05-20 00:00:42', 0),
    (44, 'user2', '운동으로 스트레스를 날려보려고 합니다.', '2024-05-20 00:00:43', 0),
    (45, 'user3', '운동으로 건강한 삶을 즐기는 방법을 찾아보겠습니다.', '2024-05-20 00:00:44', 0),
    (46, 'user4', '운동으로 행복한 삶을 만드는 법에 대해 고민합니다.', '2024-05-20 00:00:45', 0),
	(1, 'user8', '좋은 정보 감사합니다!', '2024-05-20 00:01:00', 0),
    (2, 'user3', '운동을 통해 몸과 마음을 건강하게 만드는 방법에 대해 이야기합니다.', '2024-05-20 00:01:01', 0),
    (3, 'user4', '운동은 삶의 활력을 불어넣어줍니다.', '2024-05-20 00:01:02', 0),
    (4, 'user10', '운동으로 스트레스를 날려버립니다!', '2024-05-20 00:01:03', 0),
    (5, 'user2', '운동을 통해 새로운 에너지를 얻었습니다!', '2024-05-20 00:01:04', 0),
    (6, 'user1', '운동을 하면 기분이 좋아집니다!', '2024-05-20 00:01:05', 0),
    (7, 'user5', '운동으로 삶의 질을 높일 수 있습니다.', '2024-05-20 00:01:06', 0),
    (8, 'user8', '운동을 통해 몸과 마음을 건강하게 만드는 방법을 알려주세요.', '2024-05-20 00:01:07', 0),
    (9, 'user3', '운동은 삶에 활력을 불어넣어줍니다.', '2024-05-20 00:01:08', 0),
    (10, 'user4', '운동은 스트레스를 해소하는 최고의 방법입니다.', '2024-05-20 00:01:09', 0),
    (11, 'user10', '운동을 통해 새로운 에너지를 얻었습니다!', '2024-05-20 00:01:10', 0),
    (12, 'user2', '운동을 하면 기분이 좋아집니다!', '2024-05-20 00:01:11', 0),
    (13, 'user1', '운동으로 삶의 질을 높일 수 있습니다.', '2024-05-20 00:01:12', 0),
    (14, 'user5', '운동을 통해 몸과 마음을 건강하게 만드는 방법을 알려주세요.', '2024-05-20 00:01:13', 0),
    (15, 'user8', '운동은 삶에 활력을 불어넣어줍니다.', '2024-05-20 00:01:14', 0),
    (16, 'user3', '운동은 스트레스를 해소하는 최고의 방법입니다.', '2024-05-20 00:01:15', 0),
    (17, 'user4', '운동으로 새로운 에너지를 얻었습니다!', '2024-05-20 00:01:16', 0),
    (18, 'user10', '운동을 하면 기분이 좋아집니다!', '2024-05-20 00:01:17', 0),
    (19, 'user2', '운동으로 삶의 질을 높일 수 있습니다.', '2024-05-20 00:01:18', 0),
    (20, 'user1', '운동을 통해 몸과 마음을 건강하게 만드는 방법을 알려주세요.', '2024-05-20 00:01:19', 0),
    (21, 'user5', '운동은 삶에 활력을 불어넣어줍니다.', '2024-05-20 00:01:20', 0),
    (22, 'user8', '운동은 스트레스를 해소하는 최고의 방법입니다.', '2024-05-20 00:01:21', 0),
    (23, 'user3', '운동으로 새로운 에너지를 얻었습니다!', '2024-05-20 00:01:22', 0),
    (24, 'user4', '운동을 하면 기분이 좋아집니다!', '2024-05-20 00:01:23', 0),
    (25, 'user10', '운동으로 삶의 질을 높일 수 있습니다.', '2024-05-20 00:01:24', 0),
	(26, 'user2', '운동을 통해 몸과 마음을 건강하게 만드는 방법을 알려주세요.', '2024-05-20 00:01:25', 0),
    (27, 'user1', '운동은 삶에 활력을 불어넣어줍니다.', '2024-05-20 00:01:26', 0),
    (28, 'user5', '운동은 스트레스를 해소하는 최고의 방법입니다.', '2024-05-20 00:01:27', 0),
    (29, 'user8', '운동으로 새로운 에너지를 얻었습니다!', '2024-05-20 00:01:28', 0),
    (30, 'user3', '운동을 하면 기분이 좋아집니다!', '2024-05-20 00:01:29', 0),
    (31, 'user4', '운동으로 삶의 질을 높일 수 있습니다.', '2024-05-20 00:01:30', 0),
    (32, 'user10', '운동을 통해 몸과 마음을 건강하게 만드는 방법을 알려주세요.', '2024-05-20 00:01:31', 0),
    (33, 'user2', '운동은 삶에 활력을 불어넣어줍니다.', '2024-05-20 00:01:32', 0),
    (34, 'user1', '운동은 스트레스를 해소하는 최고의 방법입니다.', '2024-05-20 00:01:33', 0),
    (35, 'user5', '운동으로 새로운 에너지를 얻었습니다!', '2024-05-20 00:01:34', 0),
    (36, 'user8', '운동을 하면 기분이 좋아집니다!', '2024-05-20 00:01:35', 0),
    (37, 'user3', '운동으로 삶의 질을 높일 수 있습니다.', '2024-05-20 00:01:36', 0),
    (38, 'user4', '운동을 통해 몸과 마음을 건강하게 만드는 방법을 알려주세요.', '2024-05-20 00:01:37', 0),
    (39, 'user10', '운동은 삶에 활력을 불어넣어줍니다.', '2024-05-20 00:01:38', 0),
    (40, 'user2', '운동은 스트레스를 해소하는 최고의 방법입니다.', '2024-05-20 00:01:39', 0),
    (41, 'user1', '운동으로 새로운 에너지를 얻었습니다!', '2024-05-20 00:01:40', 0),
    (42, 'user5', '운동을 하면 기분이 좋아집니다!', '2024-05-20 00:01:41', 0),
    (43, 'user8', '운동으로 삶의 질을 높일 수 있습니다.', '2024-05-20 00:01:42', 0),
    (44, 'user3', '운동을 통해 몸과 마음을 건강하게 만드는 방법을 알려주세요.', '2024-05-20 00:01:43', 0),
    (45, 'user4', '운동은 삶에 활력을 불어넣어줍니다.', '2024-05-20 00:01:44', 0),
    (46, 'user10', '운동은 스트레스를 해소하는 최고의 방법입니다.', '2024-05-20 00:01:45', 0);

INSERT INTO routine (title, level, courses, part) VALUES
	('허벅지 집중 루틴', 2, '[{"id":5,"set":"4 ","reps":"10회"},{"id":7,"set":"4","reps":"10회"},{"id":8,"set":"5","reps":"5회"},{"id":9,"set":"3","reps":"10회"},{"id":10,"set":"5","reps":"10회"}]', '하체'),
	('어깨 집중 루틴', 2, '[{"id":3,"set":"4","reps":"10회"},{"id":12,"set":"4","reps":"10회"},{"id":14,"set":"4","reps":"10회"},{"id":13,"set":"4","reps":"10회"}]', '어깨'),
	('하체 집중 루틴', 2, '[{"id":4,"set":"4","reps":"10회"},{"id":5,"set":"4","reps":"10회"},{"id":7,"set":"4","reps":"10회"},{"id":10,"set":"4","reps":"10회"}]', '하체'),
	('복근 집중 루틴', 2, '[{"id":15,"set":"4","reps":"10회"},{"id":16,"set":"4","reps":"10회"},{"id":17,"set":"4","reps":"10회"},{"id":11,"set":"4","reps":"10회"}]', '복근'),
	('프레임을 넓히는 등 루틴', 3, '[{"id":2,"set":"4","reps":"10회"},{"id":6,"set":"4","reps":"10회"},{"id":18,"set":"4","reps":"10회"},{"id":19,"set":"4","reps":"10회"}]', '등'),
	('힙업 하체 루틴', 1, '[{"id":4,"set":"4","reps":"10회"},{"id":9,"set":"4","reps":"10회"},{"id":6,"set":"4","reps":"10회"},{"id":7,"set":"4","reps":"10회"}]', '하체'),
	('단단한 코어를 위한 복근 루틴', 1, '[{"id":16,"set":"4","reps":"10회"},{"id":15,"set":"4","reps":"10회"},{"id":11,"set":"4","reps":"10회"},{"id":17,"set":"4","reps":"10회"}]', '복근'),
	('고난도 하체 루틴', 3, '[{"id":9,"set":"4","reps":"10회"},{"id":10,"set":"4","reps":"10회"},{"id":5,"set":"4","reps":"10회"},{"id":6,"set":"4","reps":"10회"}]', '하체'),
	('팔 집중 루틴', 1, '[{"id":21,"set":"4","reps":"10회"},{"id":20,"set":"4","reps":"10회"},{"id":22,"set":"4","reps":"10회"},{"id":23,"set":"4","reps":"10회"}]', '팔');

INSERT INTO exercise (name, gifSrc, description, part) VALUES
	('덤벨 벤치 프레스', '/src/assets/img/exercise/dumbbell_bench_press.gif', '1. 덤벨을 양손에 들고 벤치에 가슴을 펴고 누운 상태에서, 덤벨을 수직으로 들어올립니다.\n2. 덤벨이 가로로 놓이게 잡아주고, 가슴 근육의 이완을 느끼며 팔을 굽히고 덤벨을 아래로 내립니다.\n3. 가슴 근육의 수축을 느끼며 몸의 수직방향으로 덤벨을 밀어올립니다.', '가슴'),
	('랫풀다운', '/src/assets/img/exercise/lat_pull_downs.gif', '1. 허벅지 지지대의 높낮이를 알맞게 조절하고, 바를 어깨너비보다 넓게 잡고 의자에 앉습니다.\n2. 바가 쇄골에 닿을정도로 바를 당겨줍니다. (이 때, 팔이 아닌 등(광배근)의 힘으로 바를 당겨줍니다.)\n3. 광배근이 이완하는 것을 느끼면서 천천히 팔을 폅니다.', '등'),
	('덤벨 숄더 프레스', '/src/assets/img/exercise/dumbbell_shoulder_press.gif', '1. 양손에 덤벨을 잡고 팔을 옆으로 벌려서, 덤벨을 머리와 나란히 위치시킵니다.\n2. 어깨를 아래 방향으로 지그시 누르면서 덤벨을 수직 방향으로 밀어올립니다.\n3. 어깨의 자극을 느끼면서, 덤벨을 내려 시작 자세로 돌아옵니다.', '어깨'),
	('라잉 레그컬', '/src/assets/img/exercise/lying_leg_curl.gif', '1. 머신에 엎드린 상태에서, 종아리 쪽의 패드가 아킬레스건 바로 위쪽에 위치하도록 머신을 조정합니다.\n2. 발목을 세운 상태에서, 무릎을 굽혀 기구를 올려줍니다.\n3. 허리, 엉덩이, 햄스트링에 긴장감을 유지하면서 기구를 천천히 내립니다.', '하체'),
	('바벨 스쿼트', '/src/assets/img/exercise/barbell_squat.gif', '1. 바벨을 어깨높이에 거치한 후 다리는 어깨너비로 벌리고 발끝은 20~30도 정도 벌립니다.\n2. 가슴을 펴고 허리를 세운 상태로 고관절부터 접어 엉덩이가 밑으로 내려가게 해줍니다.\n3. 자연스럽게 무릎이 접히면서 허벅지가 지면과 수평이 될 때까지 내려갑니다.\n4. 발바닥 중앙으로 강하게 밀면서 무릎과 고관절을 차례로 펴고, 시작 자세로 돌아옵니다.', '하체'),
	('데드 리프트', '/src/assets/img/exercise/deadlift.gif', '1. 어깨 너비로 발을 벌리고, 상체를 곧게 유지한 채 엉덩이를 뒤로 빼면서 바를 들어올립니다.\n2. 등을 곧게 펴고, 어깨는 뒤로 당긴 상태를 유지해야 합니다.\n3. 바를 들어올릴 때는 숨을 내쉬고, 내릴 때는 들이마시는 것이 좋습니다.', '하체'),
	('레그 프레스', '/src/assets/img/exercise/leg_press.gif', '1. 엉덩이와 허리가 의자에 완전히 붙도록 밀착하여 앉고, 두 발을 어깨 너비만큼 벌려줍니다.\n2. 안전핀을 제거하고, 중량의 자극을 느끼며 무릎을 굽혀줍니다. 엉덩이와 허리가 뜨지않을 깊이까지 중량판을 내립니다.\n3. 복부에 힘을 유지한채로, 중량판을 지그시 밀어 올립니다.', '하체'),
	('레그 익스텐션', '/src/assets/img/exercise/leg_extensions.gif', '1. 기구에 앉아 발목 패드 아래에 발을 위치시킨 후, 다리를 끝까지 펴주는 동작을 수행합니다.\n2. 허벅지에 힘을 주고, 복부에는 긴장을 유지합니다.\n3. 다리를 펼 때는 숨을 내쉬고, 내릴 때는 들이마십니다.', '하체'),
	('덤벨런지', '/src/assets/img/exercise/dumbbell_lunge.gif', '1. 양손에 덤벨을 들고 어깨 너비로 발을 벌린 후, 한 쪽 다리를 앞으로 내딛으면서 무릎을 90도 각도로 굽힙니다.\n2. 이 때 상체는 곧게 유지하고, 뒤쪽 무릎이 바닥에 닿지 않도록 주의합니다.\n3. 앞쪽 다리로 밀어준 후, 천천히 원위치로 돌아옵니다.', '하체'),
	('에어 스쿼트', '/src/assets/img/exercise/air_squat.gif', '1. 발을 어깨 너비로 벌리고, 상체를 곧게 유지한 채 엉덩이를 뒤로 빼면서 내려갑니다.\n2. 내려갈 때는 무릎이 발끝을 넘어가지 않도록 주의합니다.\n3. 가능한 한 깊이 내려간 후 힘을 끝까지 발휘하여 일어섭니다.', '하체'),
	('크런치', '/src/assets/img/exercise/crunch.gif', '1. 무릎을 굽히고 바닥에 누워, 양손은 가슴 앞이나 머리 뒤로 올려 고정합니다.\n2. 등 전체가 아닌 상체 윗부분만 서서히 들어올려, 복근의 윗 부분의 수축감을 느낍니다.\n3. 윗 복근의 긴장감을 느끼면서 천천히 내려옵니다.', '복근'),
    ('숄더 프레스', '/src/assets/img/exercise/shoulder_press.gif', '1.머신에 앉아 팔꿈치 각도가 90도가 되도록 팔의 넓이를 조절하여 손잡이를 잡습니다.\n2. 어깨에 자극을 느끼면서 수직방향으로 팔을 밀어 올립니다.\n3. 어깨의 자극을 느끼며 손을 귀 옆까지 천천히 내립니다.', '어깨'),
    ('프론트 레이즈', '/src/assets/img/exercise/front_raise.gif', '1. 양발을 어깨너비로 적당히 벌리고 서서 양손으로 원판을 잡습니다.\n2. 양팔을 곧게 뻗은 상태에서 천천히 원판을 앞으로 들어올립니다. (이때, 팔힘이 아닌 어깨 전면의 근육을 수축하는 느낌으로 들어올립니다.)\n3. 어깨 전면부의 자극을 느끼면서 들어올린 팔을 천천히 내립니다.', '어깨'),
    ('오버헤드 프레스', '/src/assets/img/exercise/overhead_press.gif', '1. 바벨을 어깨너비로 잡고 쇄골 위에 올려둡니다.\n2. 등에 힘을 주고 가슴을 피면서 바벨을 위로 밀어올립니다.\n3. 바벨이 올라간 동선을 따라 천천히내려 시작 자세로 돌아옵니다.', '어깨'),
    ('사이드 레터럴 레이즈', '/src/assets/img/exercise/side_lateral_raise.gif', '1. 양발을 어깨너비로 적당히 벌리고, 가슴을 편상태로 덤벨을 잡습니다.\n2. 측면 어깨(삼각근)에 자극을 느끼면서 팔꿈치를 올린다는 생각으로 덤벨을 들어 올립니다.\n3. 측면 삼각근의 자극을 느끼면서 천천히 팔을 내립니다.', '어깨'),
    ('행잉 레그 레이즈', '/src/assets/img/exercise/hanging-leg-raise.gif', '1. 철봉에 매달린 상태에서 상,하체를 곧게 폅니다.\n2. 복부와 등에 힘을 주어 자세를 유지하면서, 무릎을 골반 높이까지 끌어 올립니다.\n3. 복근의 긴장감을 유지하면서, 다리를 내려 시작 자세로 돌아옵니다.', '복근'),
    ('러시안 트위스트', '/src/assets/img/exercise/russian_twist.gif', '1. 바닥에 엉덩이를 붙이고 앉아 케틀벨(혹은 덤벨)을 양손으로 움켜 잡습니다.\n2. 복근에 힘을 준 상태로, 몸통과 허벅지가 V자 형태가 되도록 등을 뒤로 기울입니다.\n3. 자세를 유지하면서 케틀벨(혹은 덤벨)을 좌우로 번갈아 이동합니다.', '복근'),
    ('윗몸일으키기', '/src/assets/img/exercise/sit-up.gif', '1. 누운 상태에서 양 손을 머리 뒤에 깍지를 낍니다.\n2. 다리는 고정시키고 상체를 앞으로 굽혔다가 팔꿈치와 무릎이 닿게 합니다.\n3. 복근의 긴장감을 유지하면서, 시작 자세로 돌아옵니다.', '복근'),
    ('덤벨 로우', '/src/assets/img/exercise/dumbbell-row.gif', '1. 덤벨을 잡고 벤치에 다리를 올립니다.\n2. 팔꿈치를 옆구리에 붙인다는 느낌으로 덤벨을 복부 아래쪽으로 힘차게 당겨 올립니다.\n3. 천천히 팔을 피면서 시작 자세로 돌아갑니다.', '등'),
    ('풀업', '/src/assets/img/exercise/pull-up.gif', '1. 팔을 어깨 너비만큼 벌리고, 손바닥이 앞을 바라본 상태로 바를 잡고 매달립니다.\n2. 가슴을 편 상태로 바를 구부려 준다는 느낌으로 팔을 당겨 올라갑니다.\n3. 상체가 흔들리지 않도록 자세를 유지하면서 내려옵니다.', '등'),
	('바벨컬', '/src/assets/img/exercise/barbell_curl.gif', '1. 양발을 어깨너비로 적당히 벌려 서고, 바벨을 어깨보다 살짝 넓게 잡고 섭니다.\n2. 팔꿈치를 고정한 상태에서, 이두의 힘으로 바벨을 들어올립니다.\n3. 이두의 긴장감을 유지하면서 바벨을 천천히 내립니다.', '팔'),
    ('클로즈 그립 벤치프레스', '/src/assets/img/exercise/close-grip-bench-press.gif', '1. 벤치에 가슴을 펴고 누운 상태에서, 바벨을 어깨너비보다 조금 좁게 잡고 위로 들어올립니다.\n2. 삼두근의 이완을 느끼면서 바벨을 가슴 하부 방향으로 천천히 내립니다.\n3. 삼두근의 수축을 느끼며 몸의 수직방향으로 바벨을 밀어올립니다.', '팔'),
    ('스컬 크러셔', '/src/assets/img/exercise/crusher.gif', '1. 벤치에 누워 양손으로 바를 잡아 수직으로 들어올립니다.\n2. 팔꿈치를 고정한 상태에서, 이마에 닿을 높이까지 바를 내려줍니다.\n3. 내려온 동선을 따라 바를 들어올려 시작 자세로 돌아갑니다.', '팔'),
    ('리버스 리스트 컬', '/src/assets/img/exercise/reverse_wrist_curl.gif', '1. 무릎을 꿇고 벤치 앞에 앉아 덤벨을 손등이 위로 향하게 잡고 벤치 위에 전완부를 올려놓습니다.\n2. 손목을 바닥 쪽으로 구부리면서 덤벨을 내려줍니다.\n3. 손목을 위로 올려 덤벨을 들어올립니다.', '팔');
